<?xml version="1.0" encoding="UTF-8"?>
<project-private xmlns="http://www.netbeans.org/ns/project-private/1">
    <editor-bookmarks xmlns="http://www.netbeans.org/ns/editor-bookmarks/2" lastBookmarkId="0"/>
    <open-files xmlns="http://www.netbeans.org/ns/projectui-open-files/2">
        <group>
            <file>file:/D:/_dev/_EstruturaDados_2025_02/VetorObjetos/src/vetorobjetos/VetorObjetos.java</file>
            <file>file:/D:/_dev/_EstruturaDados_2025_02/VetorObjetos/src/vetorobjetos/Paciente.java</file>
            <file>file:/D:/_dev/_EstruturaDados_2025_02/VetorObjetos/src/vetorobjetos/ListaGenerica.java</file>
        </group>
    </open-files>
</project-private>
